{"initial_reset_timestamp": 1645000143.4927104, "timestamps": [1645000146.3030672, 1645000146.4286442, 1645000146.5437984, 1645000146.6673853, 1645000146.7859888, 1645000146.9903069, 1645000147.1776798, 1645000147.37203, 1645000147.5480704, 1645000147.7294617, 1645000147.9098642, 1645000148.0862696, 1645000148.2726467, 1645000148.4450698, 1645000148.6250584, 1645000148.7974818, 1645000148.9748886, 1645000149.1802025, 1645000149.350633, 1645000149.526636, 1645000152.7695167, 1645000152.9379559, 1645000153.111374, 1645000153.292768, 1645000153.4691784, 1645000153.6491268, 1645000153.8175635, 1645000153.9939744, 1645000154.161414, 1645000154.3368278, 1645000154.5048087, 1645000154.6842065, 1645000154.8526435, 1645000155.0250676, 1645000155.2014775, 1645000155.368919, 1645000155.5448785, 1645000155.716306, 1645000155.896703, 1645000156.0613606], "episode_lengths": [50, 50, 50, 50, 50, 50, 50, 50, 50, 50, 50, 50, 50, 50, 50, 50, 50, 50, 50, 50, 50, 50, 50, 50, 50, 50, 50, 50, 50, 50, 50, 50, 50, 50, 50, 50, 50, 50, 50, 50], "episode_rewards": [-50.0, -50.0, -50.0, -50.0, -50.0, -50.0, -50.0, -50.0, -50.0, -50.0, -50.0, -50.0, -50.0, -50.0, -50.0, -50.0, -50.0, -50.0, -50.0, -50.0, -50.0, -50.0, -50.0, -50.0, -50.0, -50.0, -50.0, -50.0, -50.0, -50.0, -50.0, -50.0, -50.0, -50.0, -50.0, -50.0, -50.0, -50.0, -50.0, -50.0], "episode_types": ["t", "t", "t", "t", "t", "t", "t", "t", "t", "t", "t", "t", "t", "t", "t", "t", "t", "t", "t", "t", "t", "t", "t", "t", "t", "t", "t", "t", "t", "t", "t", "t", "t", "t", "t", "t", "t", "t", "t", "t", "t"]}