{"initial_reset_timestamp": 1645000143.6129029, "timestamps": [1645000143.733501, 1645000143.8740313, 1645000143.9956272, 1645000144.1257188, 1645000144.253292, 1645000144.3778758, 1645000144.5090635, 1645000144.6326506, 1645000144.756614, 1645000144.8861809, 1645000145.0077736, 1645000145.1353471, 1645000145.2579381, 1645000145.385511, 1645000145.5087185, 1645000145.662206, 1645000145.7897792, 1645000145.9133663, 1645000146.0379498, 1645000146.1635299, 1645000146.2851255, 1645000150.2960649, 1645000150.4206493, 1645000150.5527542, 1645000150.6713579, 1645000150.7979345, 1645000150.9245114, 1645000151.0471036, 1645000151.1746752, 1645000151.295272, 1645000151.4188592, 1645000151.544032, 1645000151.664631, 1645000151.7981827, 1645000151.9546592, 1645000152.0822327, 1645000152.2028298, 1645000152.3264165, 1645000152.4529934, 1645000152.5731735, 1645000152.7007465, 1645000156.8483708, 1645000156.9689677, 1645000157.0925548, 1645000157.2191322, 1645000157.3397312, 1645000157.4712887, 1645000157.5924578, 1645000157.7170415, 1645000157.8436184, 1645000157.9632208, 1645000158.095776, 1645000158.2183657, 1645000158.3459392, 1645000158.4685297, 1645000158.5878084, 1645000158.715382, 1645000158.836976, 1645000158.9605637, 1645000159.0821567, 1645000159.20375], "episode_lengths": [50, 50, 50, 49, 50, 50, 50, 50, 50, 50, 50, 50, 44, 50, 50, 50, 50, 50, 50, 50, 47, 50, 50, 50, 50, 50, 50, 50, 50, 50, 50, 50, 50, 50, 50, 50, 50, 50, 50, 50, 50, 50, 50, 50, 50, 50, 50, 50, 50, 50, 50, 50, 50, 50, 50, 50, 50, 50, 50, 50, 50], "episode_rewards": [-50.0, -50.0, -50.0, -48.0, -50.0, -50.0, -50.0, -50.0, -50.0, -50.0, -50.0, -50.0, -43.0, -50.0, -50.0, -50.0, -50.0, -50.0, -50.0, -50.0, -46.0, -50.0, -50.0, -50.0, -50.0, -50.0, -50.0, -50.0, -50.0, -50.0, -50.0, -50.0, -50.0, -50.0, -50.0, -50.0, -50.0, -50.0, -50.0, -50.0, -50.0, -50.0, -50.0, -50.0, -50.0, -50.0, -50.0, -50.0, -50.0, -50.0, -50.0, -50.0, -50.0, -50.0, -50.0, -50.0, -50.0, -50.0, -50.0, -50.0, -50.0], "episode_types": ["t", "t", "t", "t", "t", "t", "t", "t", "t", "t", "t", "t", "t", "t", "t", "t", "t", "t", "t", "t", "t", "t", "t", "t", "t", "t", "t", "t", "t", "t", "t", "t", "t", "t", "t", "t", "t", "t", "t", "t", "t", "t", "t", "t", "t", "t", "t", "t", "t", "t", "t", "t", "t", "t", "t", "t", "t", "t", "t", "t", "t"]}