{"initial_reset_timestamp": 1644997893.1253505, "timestamps": [1644997894.2743592, 1644997895.6798167, 1644997896.79568, 1644997898.3261323, 1644997899.6458414, 1644997901.2605042, 1644997902.2248614, 1644997903.490169, 1644997904.8169045, 1644997905.954671, 1644997907.0385811, 1644997908.4942906, 1644997910.0872426, 1644997913.0356677, 1644997914.0229452, 1644997915.6200147, 1644997918.0120456], "episode_lengths": [617, 685, 591, 780, 693, 829, 514, 669, 681, 608, 530, 745, 826, 1470, 497, 849, 1216], "episode_rewards": [330.0, 290.0, 270.0, 470.0, 390.0, 560.0, 250.0, 280.0, 380.0, 290.0, 250.0, 380.0, 870.0, 2610.0, 230.0, 510.0, 1270.0], "episode_types": ["t", "t", "t", "t", "t", "t", "t", "t", "t", "t", "t", "t", "t", "t", "t", "t", "t"]}