{"initial_reset_timestamp": 1645016498.4089396, "timestamps": [1645016501.8835137, 1645016502.0180645, 1645016502.1436486, 1645016502.2632463, 1645016502.3844173, 1645016502.5877366, 1645016502.786079, 1645016502.974445, 1645016503.1498618, 1645016503.3342469, 1645016503.5053055, 1645016503.6866987, 1645016503.8720787, 1645016504.064432, 1645016504.2448292, 1645016504.4159045, 1645016504.601282, 1645016504.7846684, 1645016504.9720428, 1645016505.1454725, 1645016509.2944224, 1645016509.4833553, 1645016509.6577692, 1645016509.867073, 1645016510.0504572, 1645016510.226871, 1645016510.407858, 1645016510.5792856, 1645016510.7586854, 1645016510.9390838, 1645016511.1115062, 1645016511.2869189, 1645016511.4638917, 1645016511.6452866, 1645016511.8117294, 1645016511.990133, 1645016512.1585739, 1645016512.3395574, 1645016512.5099862, 1645016512.6834028], "episode_lengths": [50, 50, 50, 50, 50, 50, 50, 50, 50, 50, 50, 50, 50, 50, 50, 50, 50, 50, 50, 50, 50, 50, 50, 50, 50, 50, 50, 50, 50, 50, 50, 50, 50, 50, 50, 50, 50, 50, 50, 50], "episode_rewards": [-50.0, -50.0, -50.0, -50.0, -50.0, -50.0, -50.0, -50.0, -50.0, -50.0, -50.0, -50.0, -50.0, -50.0, -50.0, -50.0, -50.0, -50.0, -50.0, -50.0, -50.0, -50.0, -50.0, -50.0, -50.0, -50.0, -50.0, -50.0, -50.0, -50.0, -50.0, -50.0, -50.0, -50.0, -50.0, -50.0, -50.0, -50.0, -50.0, -50.0], "episode_types": ["t", "t", "t", "t", "t", "t", "t", "t", "t", "t", "t", "t", "t", "t", "t", "t", "t", "t", "t", "t", "t", "t", "t", "t", "t", "t", "t", "t", "t", "t", "t", "t", "t", "t", "t", "t", "t", "t", "t", "t", "t"]}