{"initial_reset_timestamp": 1645016498.5574434, "timestamps": [1645016498.7767105, 1645016498.9491339, 1645016499.135511, 1645016499.295975, 1645016499.4634812, 1645016499.6149747, 1645016499.7834117, 1645016499.9279287, 1645016500.097363, 1645016500.245866, 1645016500.406453, 1645016500.5619297, 1645016500.7134237, 1645016500.8679068, 1645016501.0283706, 1645016501.220728, 1645016501.3742151, 1645016501.5346794, 1645016501.7130828, 1645016501.8655732, 1645016505.976278, 1645016506.139732, 1645016506.3091662, 1645016506.488114, 1645016506.6645243, 1645016506.8389418, 1645016507.0193386, 1645016507.2126923, 1645016507.396192, 1645016507.5885491, 1645016507.740042, 1645016507.9024997, 1645016508.0579793, 1645016508.2244232, 1645016508.375494, 1645016508.5439315, 1645016508.715358, 1645016508.8857882, 1645016509.0522318, 1645016509.2107027, 1645016513.517647, 1645016513.6701381, 1645016513.845551, 1645016514.0090048, 1645016514.1734555, 1645016514.3379054, 1645016514.496376, 1645016514.6438825, 1645016514.7963727, 1645016514.9628174, 1645016515.1452067, 1645016515.3086605, 1645016515.4616897, 1645016515.6231499, 1645016515.7856076, 1645016515.9689946, 1645016516.1623542, 1645016516.3488462, 1645016516.5571504, 1645016516.7704368], "episode_lengths": [50, 50, 50, 50, 50, 50, 50, 50, 50, 50, 50, 50, 50, 50, 50, 50, 50, 50, 50, 50, 50, 50, 50, 50, 50, 50, 50, 50, 50, 50, 50, 50, 50, 50, 50, 50, 50, 50, 50, 50, 50, 50, 50, 50, 50, 50, 50, 50, 50, 50, 50, 50, 50, 50, 50, 50, 50, 50, 50, 50], "episode_rewards": [-50.0, -50.0, -50.0, -50.0, -50.0, -50.0, -50.0, -50.0, -50.0, -50.0, -50.0, -50.0, -50.0, -50.0, -50.0, -50.0, -50.0, -50.0, -50.0, -50.0, -50.0, -50.0, -50.0, -50.0, -50.0, -50.0, -50.0, -50.0, -50.0, -50.0, -50.0, -50.0, -50.0, -50.0, -50.0, -50.0, -50.0, -50.0, -50.0, -50.0, -50.0, -50.0, -50.0, -50.0, -50.0, -50.0, -50.0, -50.0, -50.0, -50.0, -50.0, -50.0, -50.0, -50.0, -50.0, -50.0, -50.0, -50.0, -50.0, -50.0], "episode_types": ["t", "t", "t", "t", "t", "t", "t", "t", "t", "t", "t", "t", "t", "t", "t", "t", "t", "t", "t", "t", "t", "t", "t", "t", "t", "t", "t", "t", "t", "t", "t", "t", "t", "t", "t", "t", "t", "t", "t", "t", "t", "t", "t", "t", "t", "t", "t", "t", "t", "t", "t", "t", "t", "t", "t", "t", "t", "t", "t", "t"]}