{"initial_reset_timestamp": 1645009216.513323, "timestamps": [1645009216.6229599, 1645009216.7395658, 1645009216.8631568, 1645009216.9707944, 1645009217.0874043, 1645009217.1960444, 1645009217.3046787, 1645009219.5664284, 1645009219.6790564, 1645009219.7936733, 1645009219.9072905, 1645009220.0209093, 1645009220.1295464, 1645009220.2441676, 1645009222.7445617, 1645009222.858179, 1645009222.9698017, 1645009223.0864174, 1645009223.2000365, 1645009223.3096673, 1645009223.4302638, 1645009234.2175546, 1645009234.376022, 1645009234.5265148, 1645009234.674021, 1645009234.819536, 1645009234.990966, 1645009235.107573, 1645009249.1392577, 1645009249.2917473, 1645009249.4552007, 1645009249.6056988, 1645009249.7691522, 1645009249.9635036, 1645009250.159846, 1645009408.1038835, 1645009408.2504334, 1645009408.447484, 1645009408.6055071, 1645009408.7452297, 1645009408.8927758, 1645009409.0238574, 1645009421.685445, 1645009421.822986, 1645009421.9724853, 1645009422.115009, 1645009422.2545426, 1645009422.392085, 1645009422.5276303, 1645009435.4968736, 1645009435.6360395, 1645009435.7905233, 1645009435.904143, 1645009436.0576303, 1645009436.1961691, 1645009436.3935082, 1645009450.1460705, 1645009450.2955706, 1645009450.4301236, 1645009450.5702283, 1645009450.7027864, 1645009450.8423216, 1645009451.0576005, 1645009464.3724964, 1645009464.5429869, 1645009464.712432, 1645009464.8971777, 1645009465.0622814, 1645009465.2524843, 1645009465.425814, 1645009482.0973485, 1645009482.21595, 1645009482.3694365, 1645009482.5040488, 1645009482.6485646, 1645009482.8010588, 1645009482.9605227, 1645009496.2180634, 1645009496.337667, 1645009496.457263, 1645009496.58545, 1645009496.7240105, 1645009496.873483, 1645009497.0797954, 1645009510.4725738, 1645009510.5947182, 1645009510.721294, 1645009510.8498652, 1645009510.972454, 1645009511.095048, 1645009511.2116582, 1645009531.025394, 1645009531.1788805, 1645009531.3353577, 1645009531.52924, 1645009531.6777422, 1645009531.7983398, 1645009531.9249208, 1645009545.9177797, 1645009546.0682774, 1645009546.2177765, 1645009546.3692703, 1645009546.5153747, 1645009546.6559043, 1645009546.8173656, 1645009562.6327937, 1645009562.7646894, 1645009562.910283, 1645009563.0390267, 1645009563.185536, 1645009563.306136, 1645009563.462032, 1645009579.07479, 1645009579.231267, 1645009579.3708005, 1645009579.5302677, 1645009579.6857483, 1645009579.8222926, 1645009579.9638195, 1645009595.7368712, 1645009595.889925, 1645009596.0384288, 1645009596.1729794, 1645009596.321483, 1645009596.4679933, 1645009596.6209803, 1645009610.2776968, 1645009610.444084, 1645009610.5876544, 1645009610.7271872, 1645009610.8916376, 1645009611.0421352, 1645009611.1876488, 1645009626.9057834, 1645009627.053291, 1645009627.2207305, 1645009627.3632538, 1645009627.5158188, 1645009627.671299, 1645009627.8148193, 1645009645.4987202, 1645009645.6571906, 1645009645.8046978, 1645009645.9412413, 1645009646.0797775, 1645009646.2223017, 1645009646.3608391, 1645009661.1115022, 1645009661.2723932, 1645009661.433688, 1645009661.5862691, 1645009661.741087, 1645009661.890582, 1645009662.019152, 1645009676.6344688, 1645009676.7859623, 1645009676.9209723, 1645009677.0588841, 1645009677.1845622, 1645009677.325443, 1645009677.4390557, 1645009677.5821414, 1645009692.4867394, 1645009692.6004264, 1645009692.7090635, 1645009692.8256712, 1645009692.9412875, 1645009693.0529108, 1645009693.1688955, 1645009709.5109346, 1645009709.6464798, 1645009709.7551174, 1645009709.8657467, 1645009709.990334, 1645009710.1009622, 1645009710.2145815, 1645009724.3890767, 1645009724.5341492, 1645009724.6836498, 1645009724.8221858, 1645009724.9477663, 1645009725.0773332, 1645009725.2188597, 1645009739.003283, 1645009739.1597595, 1645009739.3270679, 1645009739.486076, 1645009739.6647785, 1645009739.8358574, 1645009739.9863055, 1645009754.4605167, 1645009754.6055865, 1645009754.7471137, 1645009754.8943493, 1645009755.0348794, 1645009755.1863732, 1645009755.325907, 1645009771.031573, 1645009771.1760907, 1645009771.3021607, 1645009771.4576406, 1645009771.58775, 1645009771.7272801, 1645009771.86781, 1645009786.838071, 1645009787.0075047, 1645009787.1739488, 1645009787.3483653, 1645009787.5445218, 1645009787.7699385, 1645009787.9832253, 1645009803.580296, 1645009803.7048798, 1645009803.8195024, 1645009803.945076, 1645009804.0676677, 1645009804.2040477, 1645009804.354544, 1645009820.7271543, 1645009820.8537297, 1645009820.9703414, 1645009821.0819712, 1645009821.1985788, 1645009821.3102088, 1645009821.4258194, 1645009838.1770217, 1645009838.3464553, 1645009838.5029671, 1645009838.6534808, 1645009838.8039777, 1645009838.9435112, 1645009839.087035, 1645009852.6674337, 1645009852.8308883, 1645009853.002834, 1645009853.2051585, 1645009853.4264188, 1645009853.601359, 1645009853.773377, 1645009868.779226, 1645009868.9267333, 1645009869.1071308, 1645009869.5202103, 1645009869.667717, 1645009869.8231964, 1645009869.9776833, 1645009883.455046, 1645009883.6045454, 1645009883.7460728, 1645009883.879626, 1645009884.035107, 1645009884.1696572, 1645009884.3071969, 1645009902.4380074, 1645009902.622165, 1645009902.7869024, 1645009902.9543428, 1645009903.1447067, 1645009903.3619812, 1645009903.573062, 1645009919.7396343, 1645009919.8562384, 1645009919.9758399, 1645009920.0930407, 1645009920.2097933, 1645009920.3231664, 1645009920.4417675, 1645009935.6191049, 1645009935.7735896, 1645009935.9101322, 1645009936.0626223, 1645009936.2061427, 1645009936.3536503, 1645009936.4872036, 1645009950.122817, 1645009950.2633486, 1645009950.3869338, 1645009950.5291078, 1645009950.6797347, 1645009950.9219255, 1645009951.0817142, 1645009967.0700657, 1645009967.2484696, 1645009967.4419284, 1645009967.642612, 1645009967.8100533, 1645009968.0014133, 1645009968.174833, 1645009982.8169732, 1645009982.9575036, 1645009983.1149771, 1645009983.2824178, 1645009983.4229481, 1645009983.5739965, 1645009983.7005732, 1645009998.9097893, 1645009999.0592904, 1645009999.2185903, 1645009999.3819559, 1645009999.5554078, 1645009999.7164848, 1645009999.8843126, 1645010017.67025, 1645010017.7778938, 1645010017.8885243, 1645010018.0220778, 1645010018.1346972, 1645010018.293925, 1645010018.4783099, 1645010031.3293953, 1645010031.452981, 1645010031.5701435, 1645010031.7821202, 1645010031.8997276, 1645010032.0133474, 1645010032.128961, 1645010044.6668277, 1645010044.7989085, 1645010044.9504015, 1645010045.082962, 1645010045.2035565, 1645010045.3193078, 1645010045.431935, 1645010057.7407014, 1645010057.854317, 1645010057.9659426, 1645010058.0775695, 1645010058.1912136, 1645010058.29983, 1645010058.4064736, 1645010070.0620072, 1645010070.1746333, 1645010070.2972233, 1645010070.4108434, 1645010070.5280192, 1645010070.6406634, 1645010070.7512724, 1645010084.204751, 1645010084.3144038, 1645010084.4260268, 1645010084.5411947, 1645010084.6528254, 1645010084.7649717, 1645010084.875646, 1645010096.3382173, 1645010096.4089825, 1645010096.490709, 1645010096.601876, 1645010096.7135062, 1645010096.827125, 1645010096.945625, 1645010097.0373125, 1645010097.2196207],