{"initial_reset_timestamp": 1645009216.4400344, "timestamps": [1645009217.3565037, 1645009217.552491, 1645009217.8654408, 1645009218.1559417, 1645009218.435009, 1645009218.7047713, 1645009220.3009772, 1645009220.566667, 1645009220.832772, 1645009221.137758, 1645009221.4008765, 1645009221.6586287, 1645009221.922747, 1645009224.2825377, 1645009225.6971154, 1645009227.120355, 1645009228.6027877, 1645009230.1759095, 1645009231.728228, 1645009233.2327034, 1645009236.7610977, 1645009238.5202045, 1645009240.2628884, 1645009242.2283185, 1645009244.327808, 1645009246.675492, 1645009251.0515907, 1645009253.300075, 1645009255.4079466, 1645009257.34304, 1645009259.5798671, 1645009261.4631677, 1645009263.3481581, 1645009410.0613868, 1645009411.8728528, 1645009413.7899942, 1645009415.337971, 1645009416.8905652, 1645009417.5553432, 1645009419.4750843, 1645009422.9552004, 1645009424.7658293, 1645009426.7029285, 1645009428.6300828, 1645009430.302569, 1645009431.9531982, 1645009433.830651, 1645009437.4286594, 1645009439.3671832, 1645009441.305338, 1645009443.149545, 1645009444.942992, 1645009446.452538, 1645009448.688369, 1645009452.6827602, 1645009454.5563405, 1645009456.4689713, 1645009458.4623086, 1645009460.4253905, 1645009462.1364186, 1645009465.8597987, 1645009467.0810227, 1645009469.698346, 1645009471.9752066, 1645009473.9740362, 1645009476.5241258, 1645009478.6667316, 1645009480.2561488, 1645009483.6203165, 1645009485.5879316, 1645009487.5233972, 1645009489.3573852, 1645009491.22757, 1645009493.164528, 1645009494.978612, 1645009498.3356154, 1645009500.3033056, 1645009502.2068167, 1645009504.0892642, 1645009506.005549, 1645009507.8975604, 1645009511.268464, 1645009514.1810088, 1645009516.7012374, 1645009518.733958, 1645009523.5745416, 1645009526.6532965, 1645009528.6304293, 1645009532.473084, 1645009534.108572, 1645009536.0498128, 1645009538.0005136, 1645009539.8903253, 1645009542.3553677, 1645009544.2801018, 1645009547.8278978, 1645009549.4281356, 1645009551.2745945, 1645009553.4977922, 1645009555.994133, 1645009558.8557181, 1645009561.5686123, 1645009565.1415088, 1645009566.754588, 1645009568.966179, 1645009572.470607, 1645009574.833872, 1645009576.810915, 1645009580.4890623, 1645009582.39121, 1645009584.4341652, 1645009587.5097957, 1645009589.6437411, 1645009591.5901434, 1645009593.525265, 1645009597.742801, 1645009599.656534, 1645009601.2458687, 1645009602.9474363, 1645009604.8710923, 1645009607.3893268, 1645009609.3098252, 1645009613.27592, 1645009615.979375, 1645009617.9516451, 1645009620.1799932, 1645009622.2269847, 1645009624.6009192, 1645009628.4008603, 1645009630.9575095, 1645009633.9053814, 1645009636.057355, 1645009637.587858, 1645009639.2439086, 1645009643.995574, 1645009647.5499518, 1645009649.566897, 1645009652.2201014, 1645009654.2138908, 1645009656.2594583, 1645009657.8484285, 1645009660.013362, 1645009664.1955628, 1645009666.3759992, 1645009668.614887, 1645009670.5566158, 1645009672.453949, 1645009674.3949387, 1645009678.1471834, 1645009680.2603333, 1645009682.8777027, 1645009684.8443236, 1645009686.724305, 1645009688.6974568, 1645009691.1465468, 1645009694.3276448, 1645009696.2383602, 1645009699.8108385, 1645009701.67027, 1645009703.5316484, 1645009706.5824337, 1645009708.5839684, 1645009711.5895894, 1645009713.931419, 1645009715.7846646, 1645009717.589243, 1645009719.5082405, 1645009722.126541, 1645009725.7472427, 1645009727.582281, 1645009729.156746, 1645009730.9478536, 1645009732.8999538, 1645009735.4146934, 1645009737.344938, 1645009741.262671, 1645009744.0291069, 1645009745.7068923, 1645009747.2089462, 1645009749.41307, 1645009751.5142615, 1645009753.430411, 1645009757.2786658, 1645009760.1412187, 1645009762.5642967, 1645009764.5699265, 1645009766.45368, 1645009768.7899063, 1645009773.7882228, 1645009775.731119, 1645009777.6232657, 1645009779.5411205, 1645009782.0611677, 1645009783.6465073, 1645009785.2247775, 1645009789.9918597, 1645009791.8627756, 1645009793.8204598, 1645009796.6235893, 1645009798.7370894, 1645009800.8607903, 1645009802.7421448, 1645009806.2338276, 1645009808.2267067, 1645009810.906419, 1645009813.1168768, 1645009815.4173038, 1645009818.6100218, 1645009821.8938656, 1645009824.081437, 1645009826.0065887, 1645009827.90735, 1645009831.1939998, 1645009833.819622, 1645009835.8614783, 1645009840.0913079, 1645009841.6124594, 1645009843.1354444, 1645009845.7443166, 1645009847.605203, 1645009849.459248, 1645009851.5988955, 1645009855.79249, 1645009857.639189, 1645009859.262806, 1645009860.9372954, 1645009862.71707, 1645009864.9568331, 1645009870.5168774, 1645009872.4206185, 1645009874.8258598, 1645009876.7414567, 1645009878.4154582, 1645009879.9624696, 1645009881.8792355, 1645009885.5168288, 1645009888.6936653, 1645009890.7239943, 1645009894.957573, 1645009897.2848785, 1645009899.1041722, 1645009901.1489754, 1645009905.4418821, 1645009907.70953, 1645009910.6780694, 1645009913.0012183, 1645009914.8766675, 1645009917.3790214, 1645009920.917948, 1645009922.733278, 1645009925.1953275, 1645009927.2101352, 1645009929.7212362, 1645009932.1713572, 1645009934.0622036, 1645009937.5010967, 1645009939.2490683, 1645009940.9391215, 1645009942.8318865, 1645009944.7012186, 1645009947.2414784, 1645009949.1375349, 1645009953.8525395, 1645009956.0723948, 1645009957.5884824, 1645009959.501411, 1645009962.1376503, 1645009964.7555697, 1645009969.1424372, 1645009971.5043275, 1645009973.4069684, 1645009976.0575273, 1645009977.5656767, 1645009979.259034, 1645009981.1349583, 1645009985.161907, 1645009987.2998807, 1645009989.4937866, 1645009991.809523, 1645009993.531386, 1645009995.0897326, 1645009997.6738782, 1645010002.724417, 1645010006.0761778, 1645010008.7980666, 1645010012.3573089, 1645010014.3928964, 1645010016.0201724, 1645010019.476464, 1645010020.9589355, 1645010022.3583622, 1645010023.825565, 1645010025.690187, 1645010027.5728936, 1645010029.5776339, 1645010033.442955, 1645010034.9627638, 1645010036.628074, 1645010038.709871, 1645010040.5407677, 1645010041.8207905, 1645010043.292324, 1645010046.1939852, 1645010047.6223688, 1645010049.5580053, 1645010051.5350966, 1645010053.0520344, 1645010054.4325707, 1645010056.6142488, 1645010059.6037047, 1645010062.0930893, 1645010063.9779654, 1645010065.4042494, 1645010066.8178163, 1645010068.2223814, 1645010071.1120663, 1645010073.1374485, 1645010075.3868246, 1645010077.3446972, 1645010079.1952267, 1645010081.156401, 1645010082.6946723, 1645010085.9266646, 1645010087.6739006, 1645010089.4055688, 1645010091.04964, 1645010092.4663184, 1645010093.9225285, 1645010095.4580016, 1645010098.5746, 1645010100.0860887, 1645010101.539769, 1645010103.1908913, 1645010104.6316803, 1645010106.109313],