{"initial_reset_timestamp": 1645009118.2208886, "timestamps": [1645009118.331525, 1645009118.438167, 1645009118.5513225, 1645009118.6579614, 1645009118.770592, 1645009118.8852062, 1645009118.9938433, 1645009121.2890496, 1645009121.4116375, 1645009121.521859, 1645009121.6284997, 1645009121.747106, 1645009121.8587291, 1645009121.9733453, 1645009124.5454702, 1645009124.6620836, 1645009124.7717133, 1645009124.884341, 1645009124.9929774, 1645009125.100363, 1645009125.2149806, 1645009136.9583144, 1645009137.082898, 1645009137.2104716, 1645009137.374922, 1645009137.4905837, 1645009137.6138089, 1645009137.729539, 1645009154.4257488, 1645009154.5912743, 1645009154.7627013, 1645009154.9351254, 1645009155.1145258, 1645009155.2839587, 1645009155.426483], "episode_lengths": [150, 150, 150, 150, 150, 150, 150, 150, 150, 150, 150, 150, 150, 150, 150, 150, 150, 150, 150, 150, 150, 150, 150, 150, 150, 150, 150, 150, 150, 150, 150, 150, 150, 150, 150], "episode_rewards": [-150.0, -150.0, -150.0, -150.0, -150.0, -150.0, -150.0, -150.0, -150.0, -150.0, -150.0, -150.0, -150.0, -150.0, -150.0, -150.0, -150.0, -150.0, -150.0, -150.0, -150.0, -150.0, -150.0, -150.0, -150.0, -150.0, -150.0, -150.0, -150.0, -150.0, -150.0, -150.0, -150.0, -150.0, -150.0], "episode_types": ["t", "t", "t", "t", "t", "t", "t", "t", "t", "t", "t", "t", "t", "t", "t", "t", "t", "t", "t", "t", "t", "t", "t", "t", "t", "t", "t", "t", "t", "t", "t", "t", "t", "t", "t"]}