{"initial_reset_timestamp": 1645009118.147136, "timestamps": [1645009119.0406864, 1645009119.2270632, 1645009119.5323138, 1645009119.8273287, 1645009120.134302, 1645009120.4303143, 1645009122.0241764, 1645009122.3032472, 1645009122.5340695, 1645009122.7453632, 1645009123.004492, 1645009123.248676, 1645009123.4868865, 1645009123.7047348, 1645009125.9112034, 1645009127.3728635, 1645009128.9778314, 1645009130.4753704, 1645009132.1728814, 1645009134.0199628, 1645009135.9043043, 1645009139.4406803, 1645009142.0282059, 1645009144.9203265, 1645009146.8984962, 1645009149.6207, 1645009151.7807012, 1645009155.7429824, 1645009157.507627, 1645009159.527646], "episode_lengths": [150, 150, 150, 150, 150, 150, 134, 150, 126, 84, 150, 136, 136, 112, 150, 150, 150, 150, 150, 150, 150, 150, 150, 150, 150, 150, 150, 150, 150, 150], "episode_rewards": [-150.0, -150.0, -150.0, -150.0, -150.0, -150.0, -133.0, -150.0, -125.0, -83.0, -150.0, -135.0, -135.0, -111.0, -150.0, -150.0, -150.0, -150.0, -150.0, -150.0, -150.0, -150.0, -150.0, -150.0, -150.0, -150.0, -150.0, -150.0, -150.0, -150.0], "episode_types": ["t", "t", "t", "t", "t", "t", "t", "t", "t", "t", "t", "t", "t", "t", "t", "t", "t", "t", "t", "t", "t", "t", "t", "t", "t", "t", "t", "t", "t", "t", "t"]}