{"initial_reset_timestamp": 1645000388.972739, "timestamps": [1645000392.4830492, 1645000392.6360822, 1645000392.7756147, 1645000392.9191353, 1645000393.0706286, 1645000393.344715, 1645000393.593449, 1645000393.8177016, 1645000394.03597, 1645000394.2542417, 1645000394.463542, 1645000394.6494992, 1645000394.8328855, 1645000395.0242462, 1645000395.2036462, 1645000395.3820508, 1645000395.5639918, 1645000395.7802699, 1645000395.9616663, 1645000396.1420596, 1645000399.7180033, 1645000399.972932, 1645000400.206408, 1645000400.4217052, 1645000400.6395695, 1645000400.828936, 1645000401.0598295, 1645000401.2663949, 1645000401.4517753, 1645000401.6477382, 1645000401.8241482, 1645000402.0105288, 1645000402.1919353, 1645000402.3643484, 1645000402.5453033, 1645000402.71673, 1645000402.8961298, 1645000403.0675614, 1645000403.270877, 1645000403.456258], "episode_lengths": [50, 50, 50, 50, 50, 50, 50, 50, 50, 50, 50, 50, 50, 50, 50, 50, 50, 50, 50, 50, 50, 50, 50, 50, 50, 50, 50, 50, 50, 50, 50, 50, 50, 50, 50, 50, 50, 50, 50, 50], "episode_rewards": [-50.0, -50.0, -50.0, -50.0, -50.0, -50.0, -50.0, -50.0, -50.0, -50.0, -50.0, -50.0, -50.0, -50.0, -50.0, -50.0, -50.0, -50.0, -50.0, -50.0, -50.0, -50.0, -50.0, -50.0, -50.0, -50.0, -50.0, -50.0, -50.0, -50.0, -50.0, -50.0, -50.0, -50.0, -50.0, -50.0, -50.0, -50.0, -50.0, -50.0], "episode_types": ["t", "t", "t", "t", "t", "t", "t", "t", "t", "t", "t", "t", "t", "t", "t", "t", "t", "t", "t", "t", "t", "t", "t", "t", "t", "t", "t", "t", "t", "t", "t", "t", "t", "t", "t", "t", "t", "t", "t", "t", "t"]}