{"initial_reset_timestamp": 1645000389.123236, "timestamps": [1645000389.2727365, 1645000389.4212403, 1645000389.5752685, 1645000389.7267616, 1645000389.8912122, 1645000390.0546653, 1645000390.2211094, 1645000390.370611, 1645000390.513681, 1645000390.6621842, 1645000390.8291879, 1645000390.9856648, 1645000391.1461284, 1645000391.3175554, 1645000391.472039, 1645000391.6662343, 1645000391.8197217, 1645000391.9712152, 1645000392.1362092, 1645000392.3006594, 1645000392.4591298, 1645000396.9668772, 1645000397.0934474, 1645000397.2240167, 1645000397.3595648, 1645000397.492117, 1645000397.6242375, 1645000397.7567956, 1645000397.889452, 1645000398.0140364, 1645000398.1495795, 1645000398.2801414, 1645000398.424659, 1645000398.6231263, 1645000398.7820225, 1645000398.9191182, 1645000399.0496783, 1645000399.1842322, 1645000399.3128104, 1645000399.4891703, 1645000399.6402621, 1645000404.4215765, 1645000404.5736265, 1645000404.7151535, 1645000404.87761, 1645000405.018719, 1645000405.1829658, 1645000405.3301666, 1645000405.4891028, 1645000405.632866, 1645000405.7823663, 1645000405.9328644, 1645000406.093327, 1645000406.2418303, 1645000406.4032009, 1645000406.5532508, 1645000406.745608, 1645000406.8931146, 1645000407.044609, 1645000407.215039, 1645000407.374506], "episode_lengths": [50, 50, 50, 49, 50, 50, 50, 50, 50, 50, 50, 50, 44, 50, 50, 50, 50, 50, 50, 50, 47, 50, 50, 50, 50, 50, 50, 50, 50, 50, 50, 50, 50, 50, 50, 50, 50, 50, 50, 50, 50, 50, 50, 50, 50, 50, 50, 50, 50, 50, 50, 50, 50, 50, 50, 50, 50, 50, 50, 50, 50], "episode_rewards": [-50.0, -50.0, -50.0, -48.0, -50.0, -50.0, -50.0, -50.0, -50.0, -50.0, -50.0, -50.0, -43.0, -50.0, -50.0, -50.0, -50.0, -50.0, -50.0, -50.0, -46.0, -50.0, -50.0, -50.0, -50.0, -50.0, -50.0, -50.0, -50.0, -50.0, -50.0, -50.0, -50.0, -50.0, -50.0, -50.0, -50.0, -50.0, -50.0, -50.0, -50.0, -50.0, -50.0, -50.0, -50.0, -50.0, -50.0, -50.0, -50.0, -50.0, -50.0, -50.0, -50.0, -50.0, -50.0, -50.0, -50.0, -50.0, -50.0, -50.0, -50.0], "episode_types": ["t", "t", "t", "t", "t", "t", "t", "t", "t", "t", "t", "t", "t", "t", "t", "t", "t", "t", "t", "t", "t", "t", "t", "t", "t", "t", "t", "t", "t", "t", "t", "t", "t", "t", "t", "t", "t", "t", "t", "t", "t", "t", "t", "t", "t", "t", "t", "t", "t", "t", "t", "t", "t", "t", "t", "t", "t", "t", "t", "t", "t"]}