{"initial_reset_timestamp": 1645009230.886042, "timestamps": [1645009232.0631092, 1645009232.3142684, 1645009232.7303813, 1645009233.0822053, 1645009233.4541137, 1645009233.8308368, 1645009235.8451254, 1645009236.292028, 1645009236.686347, 1645009237.0691614, 1645009237.5359893, 1645009237.9296722, 1645009238.2515962, 1645009241.1459367, 1645009243.3126945, 1645009245.4620168, 1645009247.594422, 1645009249.6066966, 1645009252.2246697, 1645009254.4077454, 1645009258.663371, 1645009260.5262995, 1645009262.4165845, 1645009264.3294911, 1645009265.7544155, 1645009267.2759316, 1645009270.0994246, 1645009271.5123298, 1645009272.9526432, 1645009274.3864136, 1645009276.00801, 1645009277.446449, 1645009278.8943276, 1645009281.6189682, 1645009283.0766513, 1645009284.4560397, 1645009285.8664715, 1645009287.255527, 1645009288.6555576, 1645009290.0694735, 1645009292.8466005, 1645009294.2773645, 1645009295.7022119, 1645009297.0612655, 1645009298.4621427, 1645009299.8476663, 1645009302.6679192, 1645009304.112463, 1645009305.5014029, 1645009306.8721778, 1645009308.2640731, 1645009309.6418035, 1645009311.057648, 1645009313.5575676, 1645009314.9407573, 1645009316.3290124, 1645009318.106419, 1645009320.9292881, 1645009322.3217523, 1645009322.982107, 1645009325.7704682, 1645009327.0945988, 1645009327.7082205, 1645009329.1649582, 1645009330.5604475, 1645009331.9543285, 1645009333.3696425, 1645009334.7341874, 1645009335.1398318, 1645009337.9062438, 1645009339.3643525, 1645009340.7757301, 1645009342.175377, 1645009343.5888727, 1645009345.0363083, 1645009347.8896487, 1645009349.3132365, 1645009350.7500339, 1645009352.174836, 1645009353.6676607, 1645009355.122217, 1645009356.56661, 1645009359.3220193, 1645009360.7544198, 1645009362.1492982, 1645009363.5482035, 1645009364.9779854, 1645009366.3980691, 1645009367.7924645, 1645009370.5594075, 1645009371.9702337, 1645009373.3641658, 1645009374.7625966, 1645009376.139626, 1645009377.5716908, 1645009380.2769725, 1645009381.6864138, 1645009383.079349, 1645009384.4882834, 1645009385.8748324, 1645009387.2667527, 1645009388.6691737, 1645009392.9167435, 1645009394.371666, 1645009395.757154, 1645009397.151055, 1645009398.5596466, 1645009399.9684656, 1645009401.3526566, 1645009404.1527128, 1645009405.6224554, 1645009407.0259683, 1645009408.6424148, 1645009410.3773327, 1645009412.2087297, 1645009417.0231216, 1645009418.9309032, 1645009420.764958, 1645009422.3791268, 1645009424.1409173, 1645009426.038151, 1645009427.996604, 1645009432.6111276, 1645009434.4904454, 1645009436.1513164, 1645009437.9630196, 1645009439.8824606, 1645009441.1677976, 1645009442.9980512, 1645009447.6038935, 1645009450.3364336, 1645009452.3159862, 1645009454.2633197, 1645009456.1988745, 1645009458.1473618, 1645009460.1572864, 1645009464.9260805, 1645009467.428775, 1645009470.0003366, 1645009472.2718756, 1645009475.3381586, 1645009477.2367437, 1645009481.9946892, 1645009483.6781237, 1645009485.6407557, 1645009487.5572839, 1645009489.3713381, 1645009491.2604606, 1645009493.2004082, 1645009497.5839498, 1645009499.524731, 1645009501.4981217, 1645009503.3581302, 1645009505.000907, 1645009506.9247262, 1645009508.8250804, 1645009514.302602, 1645009515.4772186, 1645009517.4278677, 1645009520.2246113, 1645009525.0795114, 1645009527.4067779, 1645009529.4118173, 1645009534.2989364, 1645009536.24516, 1645009538.1829035, 1645009540.1683955, 1645009542.6071167, 1645009544.5687187, 1645009546.3433566, 1645009550.5999577, 1645009552.4467385, 1645009555.2840023, 1645009558.0787668, 1645009560.4968095, 1645009562.7447565, 1645009566.467045, 1645009568.6211317, 1645009572.0528693, 1645009574.5082822, 1645009576.457124, 1645009578.4502482, 1645009580.110329, 1645009585.6177056, 1645009588.7180653, 1645009590.6462955, 1645009592.587258, 1645009595.1877074, 1645009596.7485542, 1645009598.5736227, 1645009603.4168675, 1645009605.5718684, 1645009607.726771, 1645009609.6428177, 1645009611.2614021, 1645009613.5710597, 1645009620.3125498, 1645009622.3445916, 1645009624.8421128, 1645009626.7233925, 1645009628.410827, 1645009630.9385734, 1645009633.8356147, 1645009640.9259903, 1645009644.2945743, 1645009645.9492147, 1645009647.76336, 1645009649.7831733, 1645009652.450646, 1645009654.4281752, 1645009660.4310877, 1645009662.207509, 1645009664.502209, 1645009666.8934388, 1645009668.850101, 1645009670.819736, 1645009671.941661, 1645009677.121806, 1645009679.0326877, 1645009681.1539607, 1645009683.8381004, 1645009685.758929, 1645009687.7145944, 1645009690.0874102, 1645009695.2405932, 1645009698.6934671, 1645009700.6048312, 1645009702.454648, 1645009705.4201064, 1645009707.4402657, 1645009712.5165713, 1645009714.669255, 1645009716.5132294, 1645009718.3301778, 1645009720.7282531, 1645009723.0739207, 1645009724.7882996, 1645009730.5790856, 1645009732.5112536, 1645009734.9472554, 1645009736.88647, 1645009738.8225553, 1645009740.7573159, 1645009742.9400065, 1645009748.4997451, 1645009750.9377952, 1645009752.8393865, 1645009754.6195393, 1645009756.332213, 1645009759.0141573, 1645009762.0702405, 1645009768.4118993, 1645009770.5292516, 1645009772.5565078, 1645009775.387409, 1645009777.3043318, 1645009779.2509954, 1645009785.5906594, 1645009787.526582, 1645009790.4712574, 1645009792.3263736, 1645009794.300154, 1645009797.0840538, 1645009799.2134962, 1645009805.264069, 1645009807.2669144, 1645009809.8921182, 1645009811.7790658, 1645009814.3781893, 1645009817.5907724, 1645009819.5230715, 1645009825.041813, 1645009826.9420514, 1645009829.2311463, 1645009832.477014, 1645009834.8731894, 1645009837.625864, 1645009843.5926082, 1645009846.1918213, 1645009848.056693, 1645009849.9246924, 1645009852.386264, 1645009854.552661, 1645009856.4976525, 1645009862.6871696, 1645009864.9319158, 1645009868.6107893, 1645009870.5029242, 1645009872.4096553, 1645009874.790976, 1645009876.7095628, 1645009882.9108639, 1645009884.0899231, 1645009885.946394, 1645009889.1255903, 1645009891.1222513, 1645009895.6799083, 1645009901.1200721, 1645009904.1811078, 1645009906.1564937, 1645009908.3753052, 1645009911.4462082, 1645009912.9214847, 1645009914.8288279, 1645009921.5836265, 1645009924.1452482, 1645009926.0569897, 1645009927.3337228, 1645009929.89366, 1645009932.292951, 1645009934.1877835, 1645009935.9529893, 1645009942.1835072, 1645009944.075729, 1645009946.4853883, 1645009948.3765192, 1645009950.1527164, 1645009952.1282556, 1645009958.7005515, 1645009961.579515, 1645009963.9793134, 1645009966.100669, 1645009968.3552701, 1645009970.8203225, 1645009972.8249137, 1645009979.306874, 1645009981.2007387, 1645009983.2375674, 1645009985.3602426, 1645009987.501799, 1645009989.9546082, 1645009991.9839408, 1645009998.6675997, 1645010001.0900073, 1645010004.8292944, 1645010006.8144436, 1645010009.9292104, 1645010013.157845],