{"initial_reset_timestamp": 1644998075.471466, "timestamps": [1644998076.5809398, 1644998077.8691857, 1644998079.0099773, 1644998081.5601792, 1644998084.5146627, 1644998087.907124, 1644998090.0000231, 1644998093.0453658], "episode_lengths": [617, 685, 591, 780, 693, 829, 514, 669], "episode_rewards": [330.0, 290.0, 270.0, 470.0, 390.0, 560.0, 250.0, 280.0], "episode_types": ["t", "t", "t", "t", "t", "t", "t", "t", "t"]}