{"initial_reset_timestamp": 1645000524.2380278, "timestamps": [1645000527.096109, 1645000527.2196994, 1645000527.3363097, 1645000527.457899, 1645000527.5820332, 1645000527.78934, 1645000527.9797032, 1645000528.1700718, 1645000528.348477, 1645000528.5354185, 1645000528.721792, 1645000528.9011965, 1645000529.0835836, 1645000529.2589958, 1645000529.4483635, 1645000529.6282973, 1645000529.8086994, 1645000530.0209851, 1645000530.1909642, 1645000530.3713543, 1645000533.6643195, 1645000533.8407266, 1645000534.012157, 1645000534.2045097, 1645000534.3749413, 1645000534.550912, 1645000534.7293122, 1645000534.9067235, 1645000535.086122, 1645000535.2575502, 1645000535.4369462, 1645000535.6059241, 1645000535.7823303, 1645000535.956747, 1645000536.1321611, 1645000536.3075747, 1645000536.4799979, 1645000536.652066, 1645000536.8224354, 1645000536.9988413, 1645000540.2536988, 1645000540.429107, 1645000540.5990992, 1645000540.7794957, 1645000540.9499304, 1645000541.1303234, 1645000541.2987602, 1645000541.4794116, 1645000541.649405, 1645000541.8238232, 1645000542.0062184, 1645000542.1766477, 1645000542.3909314, 1645000542.5608926, 1645000542.7343144, 1645000542.914711, 1645000543.0891316, 1645000543.265543, 1645000543.4359732, 1645000543.6149473, 1645000546.9853153, 1645000547.172694, 1645000547.3490996, 1645000547.5320575, 1645000547.710463, 1645000547.879748, 1645000548.0521708, 1645000548.2216053, 1645000548.402002, 1645000548.5690033, 1645000548.7434242, 1645000548.9098637, 1645000549.0832887, 1645000549.258698, 1645000549.4660063, 1645000549.641485, 1645000549.8119156, 1645000549.981344, 1645000550.1487834, 1645000550.3271892, 1645000553.7157505, 1645000553.884189, 1645000554.0605981, 1645000554.234024, 1645000554.4094367, 1645000554.577869, 1645000554.75229, 1645000554.9267032, 1645000555.1024044, 1645000555.2796135, 1645000555.4500628, 1645000555.6300876, 1645000555.7995644, 1645000555.971991, 1645000556.1474006, 1645000556.3188314, 1645000556.5257027, 1645000556.6971335, 1645000556.873543, 1645000557.0409846, 1645000560.311462, 1645000560.4818966, 1645000560.6598768, 1645000560.8283124, 1645000561.0126987, 1645000561.1811461, 1645000561.354549, 1645000561.5225198, 1645000561.6989353, 1645000561.8733473, 1645000562.0437806, 1645000562.2201874, 1645000562.3926167, 1645000562.5656164, 1645000562.7380438, 1645000562.9174428, 1645000563.0868747, 1645000563.2682714, 1645000563.438698, 1645000563.6166816, 1645000567.1515234, 1645000567.3269327, 1645000567.4973671, 1645000567.674318, 1645000567.8437517, 1645000568.0171766, 1645000568.1876028, 1645000568.358037, 1645000568.5260696, 1645000568.6994941, 1645000568.8729105, 1645000569.0433404, 1645000569.2157645, 1645000569.3852022, 1645000569.601027, 1645000569.7664728, 1645000569.937904, 1645000570.1063378, 1645000570.2518544, 1645000570.4202886, 1645000573.6830869, 1645000573.8555145, 1645000574.0289302, 1645000574.201366, 1645000574.3668034, 1645000574.5467691, 1645000574.7172034, 1645000574.891616, 1645000575.0610542, 1645000575.2344704, 1645000575.4058971, 1645000575.5818598, 1645000575.7512977, 1645000575.925715, 1645000576.0921543, 1645000576.2695653, 1645000576.4808552, 1645000576.6508765, 1645000576.825292, 1645000576.99174, 1645000580.2786586, 1645000580.4572883, 1645000580.6492248, 1645000580.8236406, 1645000580.9990582, 1645000581.1724744, 1645000581.3488886, 1645000581.528831, 1645000581.7012577, 1645000581.8803294, 1645000582.0557458, 1645000582.2301583, 1645000582.4065695, 1645000582.6259, 1645000582.8033075, 1645000582.9837084, 1645000583.1670935, 1645000583.3445444, 1645000583.5545518, 1645000583.728975, 1645000587.32024, 1645000587.4906733, 1645000587.6746545, 1645000587.8445444, 1645000588.021951, 1645000588.1903934, 1645000588.3707886, 1645000588.5387874, 1645000588.7261598, 1645000588.8995802, 1645000589.0800078, 1645000589.255391, 1645000589.4248295, 1645000589.5928216, 1645000589.7592607, 1645000589.9247084, 1645000590.0887334, 1645000590.257174, 1645000590.4684677, 1645000590.6394997, 1645000590.780021, 1645000594.4119422, 1645000594.9965305, 1645000595.612036, 1645000596.1861172, 1645000596.7408447, 1645000597.3009722, 1645000597.9054914, 1645000598.5278602, 1645000599.1079206, 1645000599.6867115, 1645000600.2757428, 1645000600.883297, 1645000601.3377779, 1645000601.9503202, 1645000602.470581, 1645000603.0920453, 1645000603.7066169, 1645000603.9926605, 1645000604.5523195, 1645000604.8393598, 1645000605.4572942, 1645000606.0518668, 1645000613.9574, 1645000614.418858, 1645000614.9964845, 1645000615.508745, 1645000615.9472787, 1645000616.735957, 1645000617.1519487, 1645000617.9259856, 1645000618.5556705, 1645000619.3241022, 1645000619.9684153, 1645000620.4308698, 1645000620.9985347, 1645000621.2980378, 1645000621.5516984, 1645000622.1178048, 1645000622.5717916, 1645000623.0402262, 1645000623.4907203, 1645000624.0777595, 1645000624.6319058, 1645000625.1780803, 1645000625.6215978, 1645000626.0730884, 1645000626.6451983, 1645000634.1019897, 1645000634.4807239, 1645000635.0790796, 1645000635.4448571, 1645000635.8288593, 1645000636.5470877, 1645000637.0234964, 1645000637.398242, 1645000637.9519546, 1645000638.2798593, 1645000638.5575597, 1645000638.8934371, 1645000639.256225, 1645000639.6683927, 1645000640.1587543, 1645000640.4846642, 1645000640.931713, 1645000641.2636037, 1645000641.5731058, 1645000641.8322396, 1645000642.2049932, 1645000642.5414045, 1645000643.0566816, 1645000643.4025264, 1645000643.8147206, 1645000644.0778408, 1645000644.5054119, 1645000644.7247524, 1645000645.1070032, 1645000645.4175029, 1645000645.7739275, 1645000646.1636262, 1645000646.6983907, 1645000647.0930712, 1645000653.8419251, 1645000654.295409, 1645000654.580046, 1645000654.8840299, 1645000655.161105, 1645000655.4680774, 1645000655.7736177, 1645000656.1543453, 1645000656.50373, 1645000656.931302, 1645000657.2552197, 1645000657.514901, 1645000657.885658, 1645000658.456749, 1645000658.8151667, 1645000659.0364275, 1645000659.3623383, 1645000659.6464348, 1645000659.941449, 1645000660.2743359, 1645000660.6277683, 1645000660.938729, 1645000661.453013, 1645000661.711196, 1645000662.026143, 1645000662.3540468, 1645000662.7712429, 1645000663.0941632, 1645000663.4589431, 1645000663.7868476, 1645000664.0559483, 1645000664.3738852, 1645000664.6499622, 1645000664.9678998, 1645000665.3386607, 1645000665.6242418, 1645000665.9262323, 1645000666.1903498, 1645000666.4853637, 1645000666.8905585, 1645000667.1965358, 1645000667.5498977, 1645000667.8319545, 1645000668.179876, 1645000668.4360201, 1645000668.6718726, 1645000668.944961, 1645000677.4628656, 1645000677.7813513, 1645000678.0843391, 1645000678.423206, 1645000678.740853, 1645000679.1602123, 1645000679.5266454, 1645000679.9156656, 1645000680.2635016, 1645000680.5312295, 1645000680.8292353, 1645000681.1382005, 1645000681.3893611, 1645000681.7028835, 1645000681.9849405, 1645000682.265006, 1645000682.526668, 1645000682.8266642, 1645000683.1366282, 1645000683.4934354, 1645000683.76905, 1645000684.084994, 1645000684.3521006, 1645000684.6745827, 1645000684.9965065, 1645000685.3184304, 1645000685.641473, 1645000686.1123796, 1645000686.4014134, 1645000686.7188847, 1645000687.082669, 1645000687.3866527, 1645000687.66626, 1645000687.9483175, 1645000688.182535, 1645000688.5139759, 1645000688.8628092, 1645000689.1528428, 1645000689.432904, 1645000689.7224708, 1645000689.976621, 1645000690.2626648, 1645000690.5552852, 1645000690.9389017, 1645000691.2686236, 1645000691.5293074, 1645000691.8139756, 1645000692.0651362, 1645000692.3930404, 1645000692.7862573, 1645000693.0713034, 1645009044.4125535, 1645009044.720228, 1645009045.0830152, 1645009045.4677298, 1645009045.774281, 1645009046.0782645, 1645009046.3653052, 1645009046.613073, 1645009046.9280205, 1645009047.2270207, 1645009047.5231512, 1645009047.9011474, 1645009048.2569582, 1645009048.5387995, 1645009048.829519, 1645009049.1175563, 1645009049.4045966, 1645009049.7818637, 1645009050.0449834, 1645009050.3140836, 1645009050.5418715, 