{"initial_reset_timestamp": 1644829301.3460205, "timestamps": [1644829302.5517797, 1644829303.952419, 1644829305.5729015], "episode_lengths": [617, 685, 591], "episode_rewards": [330.0, 290.0, 270.0], "episode_types": ["t", "t", "t", "t"]}