{"initial_reset_timestamp": 1644997948.2600212, "timestamps": [1644997949.3794315, 1644997950.659313, 1644997951.791088], "episode_lengths": [617, 685, 591], "episode_rewards": [330.0, 290.0, 270.0], "episode_types": ["t", "t", "t", "t"]}