{"initial_reset_timestamp": 1644829344.1584284, "timestamps": [1644829345.3353875], "episode_lengths": [617], "episode_rewards": [330.0], "episode_types": ["t", "t"]}