{"initial_reset_timestamp": 1645009130.7211092, "timestamps": [1645009130.8546624, 1645009130.992203, 1645009131.1357257, 1645009131.2852235, 1645009131.4357216, 1645009131.5988007, 1645009131.765244, 1645009135.0201972, 1645009135.176674, 1645009135.3381343, 1645009135.5265667, 1645009135.695004, 1645009135.8574605, 1645009136.0009804, 1645009139.1227436, 1645009139.2832067, 1645009139.4287205, 1645009139.570281, 1645009139.7138011, 1645009139.8553286, 1645009140.0008416, 1645009156.9250321, 1645009157.0665588, 1645009157.2190492, 1645009157.3645625, 1645009157.5146039, 1645009157.6421773, 1645009157.8215783, 1645009169.0031245, 1645009169.1207314, 1645009169.237342, 1645009169.3549488, 1645009169.9359272], "episode_lengths": [150, 150, 150, 150, 150, 150, 150, 150, 150, 150, 150, 150, 150, 150, 150, 150, 150, 150, 150, 150, 150, 150, 150, 150, 150, 150, 150, 150, 83, 150, 150, 150, 150], "episode_rewards": [-150.0, -150.0, -150.0, -150.0, -150.0, -150.0, -150.0, -150.0, -150.0, -150.0, -150.0, -150.0, -150.0, -150.0, -150.0, -150.0, -150.0, -150.0, -150.0, -150.0, -150.0, -150.0, -150.0, -150.0, -150.0, -150.0, -150.0, -150.0, -82.0, -150.0, -150.0, -150.0, -150.0], "episode_types": ["t", "t", "t", "t", "t", "t", "t", "t", "t", "t", "t", "t", "t", "t", "t", "t", "t", "t", "t", "t", "t", "t", "t", "t", "t", "t", "t", "t", "t", "t", "t", "t", "t"]}