{"initial_reset_timestamp": 1645009130.6334026, "timestamps": [1645009131.8399944, 1645009132.1499581, 1645009132.615301, 1645009132.9960277, 1645009133.4328012, 1645009133.8844187, 1645009136.0886877, 1645009136.4484847, 1645009136.759977, 1645009137.0838945, 1645009137.357978, 1645009137.6457026, 1645009137.985682, 1645009141.6614342, 1645009144.6721556, 1645009146.6881988, 1645009149.4496837, 1645009151.6870143, 1645009153.7211044, 1645009155.656273, 1645009159.5595396, 1645009161.4388835, 1645009162.9185953, 1645009164.3334692, 1645009165.735902, 1645009167.1298008], "episode_lengths": [150, 150, 150, 150, 150, 150, 150, 150, 127, 150, 150, 150, 150, 150, 150, 150, 150, 150, 150, 150, 150, 150, 150, 150, 150, 150], "episode_rewards": [-150.0, -150.0, -150.0, -150.0, -150.0, -150.0, -150.0, -150.0, -126.0, -150.0, -150.0, -150.0, -150.0, -150.0, -150.0, -150.0, -150.0, -150.0, -150.0, -150.0, -150.0, -150.0, -150.0, -150.0, -150.0, -150.0], "episode_types": ["t", "t", "t", "t", "t", "t", "t", "t", "t", "t", "t", "t", "t", "t", "t", "t", "t", "t", "t", "t", "t", "t", "t", "t", "t", "t", "t"]}