{"initial_reset_timestamp": 1645016406.2362227, "timestamps": [1645016409.6400576, 1645016409.764641, 1645016409.8912184, 1645016410.0148106, 1645016410.1363983, 1645016410.3357322, 1645016410.5645092, 1645016410.751882, 1645016410.9302905, 1645016411.112678, 1645016411.2870944, 1645016411.508001, 1645016411.6933773, 1645016411.8737736, 1645016412.0521777, 1645016412.2196224, 1645016412.4025717, 1645016412.5730023, 1645016412.75143, 1645016412.9188461, 1645016417.0877428, 1645016417.27711, 1645016417.453034, 1645016417.6240315, 1645016417.8004458, 1645016417.97042, 1645016418.1488278, 1645016418.3247445, 1645016418.4971776, 1645016418.6715927, 1645016418.8410285, 1645016419.016438, 1645016419.2237449, 1645016419.401154, 1645016419.570587, 1645016419.7400205, 1645016419.9134395, 1645016420.0868697, 1645016420.2612908, 1645016420.4327269], "episode_lengths": [50, 50, 50, 50, 50, 50, 50, 44, 50, 50, 50, 50, 50, 50, 50, 50, 50, 50, 50, 50, 50, 50, 50, 50, 50, 50, 50, 50, 50, 50, 50, 50, 50, 50, 50, 50, 50, 50, 50, 50], "episode_rewards": [-50.0, -50.0, -50.0, -50.0, -50.0, -50.0, -50.0, -43.0, -50.0, -50.0, -50.0, -50.0, -50.0, -50.0, -50.0, -50.0, -50.0, -50.0, -50.0, -50.0, -50.0, -50.0, -50.0, -50.0, -50.0, -50.0, -50.0, -50.0, -50.0, -50.0, -50.0, -50.0, -50.0, -50.0, -50.0, -50.0, -50.0, -50.0, -50.0, -50.0], "episode_types": ["t", "t", "t", "t", "t", "t", "t", "t", "t", "t", "t", "t", "t", "t", "t", "t", "t", "t", "t", "t", "t", "t", "t", "t", "t", "t", "t", "t", "t", "t", "t", "t", "t", "t", "t", "t", "t", "t", "t", "t", "t"]}