{"initial_reset_timestamp": 1645016406.3683352, "timestamps": [1645016406.512852, 1645016406.683282, 1645016406.844742, 1645016407.020156, 1645016407.227464, 1645016407.3914483, 1645016407.5568964, 1645016407.7163625, 1645016407.875829, 1645016408.051243, 1645016408.1937666, 1645016408.3488355, 1645016408.4973385, 1645016408.653816, 1645016408.8122866, 1645016409.0026495, 1645016409.148164, 1645016409.3066337, 1645016409.4656398, 1645016409.6191282, 1645016413.7416909, 1645016413.9380333, 1645016414.104477, 1645016414.2629483, 1645016414.5206985, 1645016414.7050822, 1645016414.8874724, 1645016415.057903, 1645016415.2691963, 1645016415.436205, 1645016415.6185954, 1645016415.7770653, 1645016415.9355388, 1645016416.0850356, 1645016416.2445033, 1645016416.3830981, 1645016416.5395753, 1645016416.6771154, 1645016416.8465495, 1645016417.0080097, 1645016421.2479918, 1645016421.3945022, 1645016421.557955, 1645016421.7064588, 1645016421.8669229, 1645016422.0184162, 1645016422.18187, 1645016422.3841934, 1645016422.5466506, 1645016422.689174, 1645016422.8486414, 1645016422.9981418, 1645016423.1605997, 1645016423.3100991, 1645016423.4735527, 1645016423.6240497, 1645016423.7835166, 1645016423.930027, 1645016424.1064389, 1645016424.2758713], "episode_lengths": [50, 50, 50, 50, 50, 50, 50, 50, 50, 50, 50, 50, 50, 50, 50, 50, 50, 50, 50, 50, 50, 50, 50, 50, 50, 50, 50, 50, 50, 50, 50, 50, 50, 50, 50, 50, 50, 50, 50, 50, 50, 50, 50, 50, 50, 50, 50, 50, 50, 50, 50, 50, 50, 50, 50, 50, 50, 50, 50, 50], "episode_rewards": [-50.0, -50.0, -50.0, -50.0, -50.0, -50.0, -50.0, -50.0, -50.0, -50.0, -50.0, -50.0, -50.0, -50.0, -50.0, -50.0, -50.0, -50.0, -50.0, -50.0, -50.0, -50.0, -50.0, -50.0, -50.0, -50.0, -50.0, -50.0, -50.0, -50.0, -50.0, -50.0, -50.0, -50.0, -50.0, -50.0, -50.0, -50.0, -50.0, -50.0, -50.0, -50.0, -50.0, -50.0, -50.0, -50.0, -50.0, -50.0, -50.0, -50.0, -50.0, -50.0, -50.0, -50.0, -50.0, -50.0, -50.0, -50.0, -50.0, -50.0], "episode_types": ["t", "t", "t", "t", "t", "t", "t", "t", "t", "t", "t", "t", "t", "t", "t", "t", "t", "t", "t", "t", "t", "t", "t", "t", "t", "t", "t", "t", "t", "t", "t", "t", "t", "t", "t", "t", "t", "t", "t", "t", "t", "t", "t", "t", "t", "t", "t", "t", "t", "t", "t", "t", "t", "t", "t", "t", "t", "t", "t", "t"]}