{"initial_reset_timestamp": 1645000213.782156, "timestamps": [1645000216.5734968, 1645000216.6931036, 1645000216.8246574, 1645000216.960209, 1645000217.0827985, 1645000217.289109, 1645000217.4854486, 1645000217.6733747, 1645000217.8547642, 1645000218.037155, 1645000218.2225375, 1645000218.3999422, 1645000218.577486, 1645000218.7518985, 1645000218.9283087, 1645000219.1057162, 1645000219.27515, 1645000219.4545517, 1645000219.6215627, 1645000219.7949848, 1645000223.0158803, 1645000223.1883, 1645000223.359731, 1645000223.5596397, 1645000223.7280772, 1645000223.938378, 1645000224.113788, 1645000224.290202, 1645000224.4636283, 1645000224.638597, 1645000224.8130105, 1645000224.9800384, 1645000225.1568694, 1645000225.3282926, 1645000225.5037086, 1645000225.675133, 1645000225.8485572, 1645000226.0259604, 1645000226.1973999, 1645000226.367842, 1645000229.964815, 1645000230.5329165, 1645000231.0960338, 1645000231.6910446, 1645000232.2571526, 1645000232.8142936, 1645000233.3741615, 1645000233.9099448, 1645000234.4581125, 1645000235.012801, 1645000235.5784564, 1645000236.1286168, 1645000236.4355905, 1645000236.694268, 1645000237.0391116, 1645000237.4327953, 1645000237.989464, 1645000238.501296, 1645000239.046476, 1645000239.6101432, 1645000240.1363845, 1645000240.6950564, 1645000244.2428992, 1645000244.8414757, 1645000245.4055867, 1645000245.9622848, 1645000246.2393587, 1645000246.7219505, 1645000247.1405516, 1645000247.379753, 1645000247.9489894, 1645000248.2938373, 1645000248.6797526, 1645000249.0036697, 1645000249.443201, 1645000249.868311, 1645000250.2360814, 1645000250.5655217, 1645000250.9901023, 1645000251.2960796, 1645000251.5587838, 1645000251.893664, 1645000252.172731, 1645000252.5271163, 1645000252.8390734, 1645000253.3862445, 1645000253.6659408, 1645000253.9719186, 1645000254.237031, 1645000254.529691, 1645000254.777861, 1645000255.0176764, 1645000255.3187134, 1645000255.5808983, 1645000255.9516597, 1645000256.2795627, 1645000256.5830858, 1645000256.8641465, 1645000260.2933474, 1645000260.6257823, 1645000260.9048493, 1645000261.168967, 1645000261.412154, 1645000261.7047045, 1645000261.9608488, 1645000262.3007145, 1645000262.5573962, 1645000262.8215148, 1645000263.072674, 1645000263.3786514, 1645000263.6623144, 1645000263.9453678, 1645000264.2852323, 1645000264.5299902, 1645000264.8090577, 1645000265.3083894, 1645000265.711623, 1645000266.0106235, 1645000266.3335443, 1645000266.6480753, 1645000266.9729903, 1645000267.2420897, 1645000267.5846288, 1645000267.8926008, 1645000268.2234933, 1645000268.5541458, 1645000269.0624473, 1645000269.4242392, 1645000269.7167947, 1645000269.996859, 1645000270.561097, 1645000270.8630884, 1645000271.320558, 1645000271.604186, 1645000271.9789333, 1645000272.2679667, 1645000272.6486945, 1645000272.9915483, 1645000273.2706153, 1645000273.5811732, 1645000273.9987786, 1645000277.7686327, 1645000278.1972034, 1645000278.5462615, 1645000279.100409, 1645000279.5226128, 1645000279.87344, 1645000280.1804144, 1645000280.5587277, 1645000280.8886251, 1645000281.44975, 1645000281.9441707, 1645000282.6409285, 1645000283.172153, 1645000283.5614066, 1645000283.9859881, 1645000284.320869, 1645000284.7330415, 1645000285.0580242, 1645000285.3033104, 1645000285.7792008, 1645000286.376205, 1645000286.7794516, 1645000287.127289, 1645000287.5295143, 1645000288.0769367, 1645000288.4277644, 1645000288.6914365, 1645000288.9924304, 1645000289.3688164, 1645000289.826825, 1645000290.288821, 1645000290.5530086, 1645000295.2740037, 1645000295.7599194, 1645000296.1017766, 1645000296.5308857, 1645000296.8896854, 1645000297.4159267, 1645000297.820965, 1645000298.3272727, 1645000298.9458644, 1645000299.286724, 1645000299.6869519, 1645000299.9779797, 1645000300.4998002, 1645000300.9134161, 1645000301.4695573, 1645000302.0286882, 1645000302.4662256, 1645000302.9845307, 1645000303.4200747, 1645000303.733117, 1645000304.1317813, 1645000304.605199, 1645000304.9600132, 1645000305.5804946, 1645000306.0698574, 1645000306.4266653, 1645000306.65893, 1645000307.2310176, 1645000316.6923048, 1645000317.0750306, 1645000317.526102, 1645000317.8759332, 1645000318.7088134, 1645000319.3048208, 1645000319.908714, 1645000320.4853928, 1645000321.0421145, 1645000321.5908194, 1645000322.142973, 1645000322.7056308, 1645000323.2747276, 1645000323.9231408, 1645000324.5466082, 1645000325.1675322, 1645000325.7495875, 1645000326.3156962, 1645000326.8783808, 1645000327.4385095, 1645000328.0126634, 1645000328.5763123, 1645000337.6401584, 1645000338.2541063, 1645000338.8874702, 1645000339.5370398, 1645000340.2546506, 1645000340.8761675, 1645000341.4751651, 1645000342.0478015, 1645000342.6722689, 1645000343.2642899, 1645000343.8299549, 1645000344.4409122, 1645000345.0330687, 1645000345.6168365, 1645000346.1884313, 1645000346.7794566, 1645000347.3196497, 1645000347.869811, 1645000348.4508681, 1645000349.0030327, 1645000357.7194197, 1645000358.2715735, 1645000358.8153446, 1645000359.3854396, 1645000359.9610615, 1645000360.5297384, 1645000361.1008296, 1645000361.6555917, 1645000362.2226963, 1645000362.7864091, 1645000363.3634803, 1645000363.9241579, 1645000364.4513946, 1645000364.999117, 1645000365.568754, 1645000366.1528013, 1645000366.769282, 1645000367.3543267, 1645000367.9307253, 1645000368.4659379, 1645000377.302587, 1645000377.6483457, 1645000377.9756305, 1645000378.2509897, 1645000378.5590029, 1645000378.816109, 1645000379.1470025, 1645000379.4440095, 1645000379.769475, 1645000380.0610409, 1645000380.3251574, 1645000380.5788393, 1645000380.7951155, 1645000381.0412958, 1645000381.2994313, 1645000381.552657, 1645000381.8038173, 1645000382.0779016, 1645000382.355971, 1645000382.6834266, 1645000383.020282, 1645000383.42563, 1645000383.8381653, 1645000384.0673995, 1645000384.412246, 1645000384.7795537, 1645000385.0028079, 1645000385.273902, 1645000385.6307206, 1645000385.9220064, 1645000386.255891, 1645000386.5486987, 1645000386.8516855, 1645000387.1247733, 1645000387.4367301, 1645000387.7332745, 1645000388.0213115, 1645000388.3053622, 1645000388.701645, 1645000389.0295498, 1645000389.3116062, 1645000389.648025, 1645000389.973936, 1645000390.3925362, 1645000390.678131, 1645000390.941811, 1645000391.2168918, 1645000391.4820058, 1645000391.7609177, 1645000392.0724225, 1645000392.3445125, 1645000392.6928914, 1645000393.014815, 1645000393.3616555, 1645000393.6512563, 1645000403.288817, 1645000403.6092916, 1645000403.9441717, 1645000404.226229, 1645000404.5188093, 1645000404.8048532, 1645000405.1809726, 1645000405.4213297, 1645000405.759442, 1645000406.1561165, 1645000406.5074043, 1645000406.8612213, 1645000407.2339768, 1645000407.6840081, 1645000408.0188882, 1645000408.373702, 1645000408.6398876, 1645000408.9751062, 1645000409.3289685, 1645000409.615565, 1645000409.9564257, 1645000410.2305095, 1645000410.5082066, 1645000410.9098644, 1645000411.2188315, 1645000411.5992546, 1645000411.926572, 1645000412.248249, 1645000412.5445633, 1645000412.8455567, 1645000413.1694744, 1645000413.5113764, 1645000413.7884493, 1645000414.0645273, 1645000414.3212814, 1645000414.668122, 1645000414.9760945, 1645000415.259146, 1645000415.5368357, 1645000415.7959762, 1645000416.0750365, 1645000416.3252, 1645000416.6776035, 1645000417.1101599, 1645000417.495869, 1645000417.7565424, 1645000418.0445795, 1645000418.2718205, 1645000418.5454423, 1645000418.84544, 1645000427.3881948, 1645000427.6658404, 1645000427.9513438, 1645000428.2812405, 1645000428.5722888, 1645000428.8702927, 1645000429.1429152, 1645000429.4035845, 1645000429.740705, 1645000430.0238068, 1645000430.3332963, 1645000430.5974143, 1645000430.8690326, 1645000431.1899579, 1645000431.471018, 1645000431.7695563, 1645000432.0396526, 1645000432.2977905, 1645000432.5594704, 1645000432.8365436, 1645000433.1235847, 1645000433.403648, 1645000433.6862419, 1645000433.9962056, 1645000434.3316238, 1645000434.696977, 1645000434.9630861, 1645000435.253385, 1645000435.5631015, 1645000435.8182693, 1645000436.1132834, 1645000436.4252405, 1645000436.7257826, 