{"initial_reset_timestamp": 1644997729.8978097, "timestamps": [1644997731.1033664, 1644997732.4932988, 1644997733.6944616, 1644997735.2240672, 1644997736.628103, 1644997738.3509035, 1644997739.3995452, 1644997740.7362247, 1644997742.1191885, 1644997743.3407362, 1644997744.4763746, 1644997745.999464, 1644997747.7839813, 1644997750.8994956, 1644997751.904868, 1644997753.6902432, 1644997756.0523674, 1644997757.351611, 1644997759.132899, 1644997760.700761, 1644997761.8766732, 1644997763.2736297, 1644997764.7159991, 1644997765.9973788, 1644997767.4205961, 1644997768.6963353, 1644997769.8514707, 1644997770.7275414, 1644997771.612828, 1644997773.4127712, 1644997774.8540566, 1644997776.5704637, 1644997778.29572, 1644997779.127492, 1644997780.2243888, 1644997782.1535752, 1644997783.5317783, 1644997784.8419957, 1644997785.890048, 1644997787.080775, 1644997788.5900536, 1644997790.4228933, 1644997791.6349533, 1644997792.7099113, 1644997794.2051618, 1644997795.406303, 1644997796.243247, 1644997797.8001761, 1644997799.0954168, 1644997800.5542557, 1644997801.365544, 1644997803.3233497, 1644997804.742731, 1644997805.991035, 1644997807.1803415, 1644997808.769127, 1644997809.9557436, 1644997812.1146374, 1644997813.5629418, 1644997814.8501937, 1644997815.922164, 1644997816.8635721, 1644997818.458812], "episode_lengths": [617, 685, 591, 780, 693, 829, 514, 669, 681, 608, 530, 745, 826, 1470, 497, 849, 1216, 662, 915, 792, 614, 679, 704, 645, 710, 651, 589, 444, 450, 896, 697, 799, 872, 434, 544, 989, 714, 685, 531, 567, 719, 914, 592, 539, 747, 601, 442, 806, 654, 745, 401, 921, 707, 594, 539, 790, 608, 1103, 721, 598, 531, 478, 790], "episode_rewards": [330.0, 290.0, 270.0, 470.0, 390.0, 560.0, 250.0, 280.0, 380.0, 290.0, 250.0, 380.0, 870.0, 2610.0, 230.0, 510.0, 1270.0, 310.0, 590.0, 420.0, 260.0, 360.0, 390.0, 220.0, 380.0, 430.0, 360.0, 220.0, 100.0, 770.0, 310.0, 490.0, 600.0, 150.0, 330.0, 780.0, 460.0, 290.0, 240.0, 260.0, 250.0, 500.0, 400.0, 330.0, 640.0, 340.0, 210.0, 220.0, 330.0, 490.0, 160.0, 450.0, 3490.0, 190.0, 200.0, 580.0, 390.0, 780.0, 410.0, 360.0, 250.0, 190.0, 430.0], "episode_types": ["t", "t", "t", "t", "t", "t", "t", "t", "t", "t", "t", "t", "t", "t", "t", "t", "t", "t", "t", "t", "t", "t", "t", "t", "t", "t", "t", "t", "t", "t", "t", "t", "t", "t", "t", "t", "t", "t", "t", "t", "t", "t", "t", "t", "t", "t", "t", "t", "t", "t", "t", "t", "t", "t", "t", "t", "t", "t", "t", "t", "t", "t", "t", "t"]}