{"initial_reset_timestamp": 1644997659.931474, "timestamps": [1644997661.152981, 1644997662.544496, 1644997663.8096058, 1644997665.469021, 1644997667.0218081, 1644997668.9314718, 1644997670.2517095, 1644997671.619322, 1644997673.054064, 1644997674.4086757, 1644997675.5553164, 1644997677.050886, 1644997678.7852287], "episode_lengths": [617, 685, 591, 780, 693, 829, 514, 669, 681, 608, 530, 745, 826], "episode_rewards": [330.0, 290.0, 270.0, 470.0, 390.0, 560.0, 250.0, 280.0, 380.0, 290.0, 250.0, 380.0, 870.0], "episode_types": ["t", "t", "t", "t", "t", "t", "t", "t", "t", "t", "t", "t", "t", "t"]}